INSERT INTO Publisher (Name,Address)
VALUES
('Penguin','24 E 5th Ave, New York'),
('Hachette', '555 W 52nd St, New York'),
('Harper', '235 E Broadway St, New York');

INSERT INTO Author (AuthorId, AuthorName)
VALUES 
(1,'Mark Lee'),
(2,'Margaret Mitchell'),
(3,'Suzanne Collins'),
(4,'Harper Lee'),
(5,'Jane Austen'),
(6,'Stephenie Meyer'),
(7,'George Orwell'),
(8,'Markus Zusak'),
(9,'Shel Silverstein'),
(10,'Douglas Adams'),
(11,'John Green'),
(12,'JRR Tolkien'),
(14,'Emily Bronte'),
(15,'Dan Brown'),
(16,'Lewis Carroll'),
(17,'Veronica Roth'),
(18,'Oscar Wilde'),
(19,'William Golding'),
(20,'Orson Scott Card'),
(21,'Paulo Coelho'),
(22,'Audrey Niffenegger'),
(23,'Fyodor Dostoyevsky'),
(24,'Charlotte Bronte'),
(25,'EB White'),
(26,'Stephen King'),
(27,'Casandra Clare');

INSERT INTO Book (BookId,Title,PublisherName, Author)
VALUES 
(1,'The Lost Tribe', 'Penguin',1),
(2,'Gone With the Wind', 'Hachette',2),
(3,'Hunger Games', 'Hachette',3),
(4,'To Kill a Mockingbird', 'Penguin',4),
(5,'The Book Thief', 'Penguin',8),
(6,'The Giving Tree', 'Penguin',9),
(7,'Hitchhiker''s Guide', 'Harper',10),
(8,'Fault in Our Stars', 'Harper',11),
(9,'Hobbit', 'Harper',12),
(10,'Lord of the Rings', 'Penguin',12),
(11,'Wuthering Heights', 'Penguin',14),
(12,'The da Vinci Code', 'Penguin',15),
(13,'Alice in Wonderland', 'Penguin',16),
(14,'Divergent', 'Harper',17),
(15,'The Picture of Dorian Gray', 'Harper',18),
(16,'Lord of the Flies', 'Harper',19),
(17,'Ender''s Game', 'Harper',20),
(18,'The Alchemist', 'Penguin',21),
(19,'Time Traveler''s Wife', 'Penguin',22),
(20,'Crime & Punishment', 'Harper',23),
(21,'Jane Eyre', 'Hachette',24),
(22,'Charlotte''s Web', 'Penguin',25),
(23,'The Stand', 'Hachette',26),
(24,'City of Bones', 'Harper',27);


INSERT INTO Library_Branch (BranchId,BranchName, Address)
VALUES 
(1,'Sharpstown','12300 Main St'),
(2,'Westview','5584 West Ave.'),
(3,'Central','24 1st St'),
(4,'Northtown','935 North St.');


INSERT INTO Borrower (CardNo, Name,Address)
VALUES 
(67,'Imma Reader', '2464 NE Division St'),
(34,'Timmy Kindle', '43 N Smith Ave.'),
(332,'Betty Simmons', '2523 NE Market St.'),
(3356,'Marcus Lee', '24 N Williams Ave.'),
(22455,'Jane Austen', '6543 NE Denton St.'),
(3434342,'Stephenie Meyer', '240 SE Swail Ave.'),
(45545,'George Orton', '2308 SE Greystone St.'),
(5454543,'Martin Zell', '953 SE Carlton Ave.'),
(67787887,'Sheila Wozniak', '2021 SE Milwaukie Ave'),
(454,'Dan Smith', '2409 SW 45th Ave.'),
(889,'John Dunn', '9953 SW 24th Ave.'),
(6,'Terry Dunn', '08 SW River Pkwy'),
(234346,'Candy Cane', '493 SW Hood St.'),
(9267,'Allison Reynolds', '4089 SW Tanager Dr.'),
(19347,'Freddy Krueger', '23049 NW Moonbeam Ln.'),
(8835,'Minnie Mouse', '3409 NW Tacoma St.'),
(2749,'George Carlin', '8984 NW Miller Rd.'),
(7250,'Marcus Aurelius', '8842 NW Cornelius St.'),
(8355,'Felix Unger', '23445 NE Betheny Ave.'),
(882543,'Betty Rubble', '409 SE Stone Ln.'),
(222,'John Slate', '492 SE Bonita Rd.'),
(1853,'Gary Gumbel', '0459 SW Livery Rd.'),
(2,'Rudolph Valentino', '893 SE Tonaka Rd.'),
(11,'Steve McQueen', '8349 NW Broadway Ave.'),
(469,'Gary Carter', '408 NW Beaverton Rd.');

INSERT INTO Book_Copies(BookID,BranchID,No_of_Copies) VALUES 
(1,4,2),
(1,3,1),
(1,1,1),
(2,2,2),
(2,1,1),
(2,3,1),
(3,1,1),
(3,2,1),
(3,4,1),
(4,1,1),
(4,2,1),
(5,4,1),
(5,3,2),
(6,1,1),
(7,2,1),
(8,4,1),
(9,2,1),
(9,4,1),
(10,1,1),
(11,4,1),
(12,2,1),
(13,1,1),
(13,2,1),
(13,4,1),
(14,4,1),
(15,1,1),
(16,1,1),
(17,2,2),
(18,3,1),
(19,4,1),
(20,2,1),
(20,3,1),
(21,4,1),
(21,2,1),
(22,2,1),
(23,3,1),
(24,1,1),
(24,3,2);

